{"cameraMode":{"drawMode":0,"name":"Shaded","section":"Shading Mode"},"sceneLighting":true,"audioPlay":false,"sceneViewState":{"m_AlwaysRefresh":false,"showFog":true,"showSkybox":true,"showFlares":true,"showImageEffects":true,"showParticleSystems":true,"showVisualEffectGraphs":true,"m_FxEnabled":true},"in2DMode":false,"pivot":{"x":24.375898361206056,"y":0.5831266045570374,"z":9.721900939941407},"rotation":{"x":-0.34966766834259035,"y":-0.16679567098617555,"z":0.06341222673654556,"w":-0.9197261333465576},"size":3.9999964237213136,"orthographic":false}