{"cameraMode":{"drawMode":0,"name":"Shaded","section":"Shading Mode"},"sceneLighting":true,"audioPlay":false,"sceneViewState":{"m_AlwaysRefresh":false,"showFog":true,"showSkybox":true,"showFlares":true,"showImageEffects":true,"showParticleSystems":true,"showVisualEffectGraphs":true,"m_FxEnabled":true},"in2DMode":false,"pivot":{"x":30.324357986450197,"y":0.7288832664489746,"z":12.892953872680664},"rotation":{"x":-0.004856436047703028,"y":0.991395890712738,"z":-0.12589561939239503,"w":-0.03814980015158653},"size":2.2087130546569826,"orthographic":false}